host,dispersion
human,0.062337639462736356
mink,0.03606582829474054
deer,0.06621333546352895
